Product Name,Qty Sold,Net Sale Value,MRP Value,Cost Value
ALPENLIEBE CARAMEL GOLD 390GM,9,855,900,796.72
ALPENLIEBE CHEWY CHEW RS.5/-,54,270,270,237.06
ALPENLIEBE CREAMFILLS RS.10/-,38,380,380,332.5
ALPENLIEBE ECLAIRS RS 10,35,345.2,350,309.91
ALPENLIEBE JUZT JELLY  28.8GM,15,150,150,131.55
ALPENLIEBE TOFFEE RS.10/-,37,370,370,323.75
BOOMER BUB GUM RS 10,64,635.2,640,514.56
BOURNVITA BISCUIT RS 10/,36,340.4,360,299.88
BOURNVITA PLAIN 1KG (J),1,460.75,485,435.6
BOURNVITA PLAIN 1KG (R),1,435.1,458,402.87
BOURNVITA PLAIN 200GM JAR,16,1693.9,1788,1606.36
BOURNVITA PLAIN 500GM (R),16,3706.2,3984,3504.48
BOURNVITA PLAIN 500GM JAR,6,1493.84,1578,1417.26
BOURNVITA PLAIN POUCH 70GM,107,3087.8,3210,401.76
CAD 5 STAR 3D CHOCOLATE RS.20,1,18.8,20,17.32
CAD 5 STAR CHOCLATE RS 10 /-,66,660,660,584.76
CAD 5 STAR CHOCLATE RS 20 /-,42,840,840,739.68
CAD 5 STAR CHOCOLATE RS.5/-,211,1041.5,1055,960.05
CAD 5STAR OREO CHOC RS.20/-,10,198.8,200,175
CAD BOURN DARK CHOC 30GM,2,106,106,91.8
CAD BOURNILE CLASSIC 75GM,1,134,134,117.25
CAD BOURNVILLE CRANBERRY 30GM,10,532,532,461.23
CAD BOURNVILLE FRUIT&NUT 30GM,13,679.46,689,596.7
CAD BOURNVILLE RICH COCOA 80G,1,150,150,131.25
CAD CHOCLAIR GOLD CH 546GM,3,570,600,495.66
CAD CHOCOBAK CHO CHIP 83GM,1,33.25,35,30.04
CAD CHOCOBAKES COOKIES 69GM,4,114,120,100
CAD CHOCOBAKES COOKIES RS 10,3,29.1,30,25.92
CAD CHOCOBHAKES RS 10,33,312.7,330,279.84
CAD D/M CRACKLE 36GM,4,200,200,175
CAD D/M CRACKLE RS.10/-,48,480,480,431.37
CAD D/M FRUIT&NUT 36GM,4,200,200,175
CAD D/M ROASTE ALMOND 36GM,6,300,300,262.5
CAD DAI MILK SILK FR&NUT 129,1,215,215,191.96
CAD DAIR SILK BUBBLY CHO 46GM,2,200,200,178.58
CAD DAIR SILK MOUSSE CHO 116G,1,214,214,191.07
CAD DAIR SILK MOUSSE CHOC 48G,2,200,200,178.58
CAD DAIR SILK OREO CHO 124GM,2,429,429,375.39
CAD DAIR SILK OREO CHO 60GM,10,1000,1000,892.9
CAD DAIRMILK CHOCLATE RS.100/,14,1398,1398,1236.24
CAD DAIRY MILK CHO 46GM,29,1305,1305,1159.82
CAD DAIRY MILK CHO RS 10 /-,124,1240,1240,1127.16
CAD DAIRY MILK CHO RS 20 /-,69,1380,1380,1226.4
CAD DAIRY MILK CHO RS.5/-,144,720,720,655.03
CAD DAIRY MILK FR&NUT 75GM,3,315,315,278.43
CAD DAIRY MILK LOLLY 8GM,45,223.5,225,187.65
CAD DAIRY MILK SHOT CHO 2 RS,10,20,20,18
CAD DAIRY MILK SILK 60GM,10,899,899,802.7
CAD DAIRY MILK SILK REG 140GM,2,410,410,366.08
CAD FRUIT & NUT CHO 55GM,2,194,200,178.58
CAD FUSE CHOCOLATE RS.20/-,4,80,80,70.38
CAD GEMS CHOC POUCH 10 RS/-,101,1005.8,1010,881.73
CAD GEMS CHOCO POUCH 5 RS /-,119,595,595,540.28
CAD GEMS SUPRISE  15.8 BALL,20,900,900,803.6
CAD LICKABLES POP 20GM,14,630,630,601.08
CAD OREO CHOC CREAME RS 30,43,1219.5,1290,1111.17
CAD OREO CHOCO CREAME RS.10/-,297,2813.3,2970,2693.95
CAD OREO GOLDEN BISC RS 10,100,948.1,1000,907.54
CAD OREO ORIGNAL BISC RS.10/-,247,2335.3,2470,2240.61
CAD OREO ORIGNAL BISC RS.30/-,12,340.8,360,300.6
CAD OREO STRAW CREAME 108.5GM,31,882.6,930,801.66
CAD OREO STRAW CREAME RS.10/-,150,1418.6,1500,1360.8
CAD PERK CHOCOLATE RS.10/-,68,680,680,617.4
CAD PERK CHOCOLATE RS.20/-,39,780,780,687.9
CAD ROAST ALMOND 134 GM,1,215,215,191.96
CAD SHOTS RS 10/-,122,1196.6,1220,1108.98
CAD SHOTS RS 5/-,65,321.7,325,295.75
CAD SILK  HAZELNUT 134 GM,1,215,215,191.96
CAD SILK HAZELNUT 54 GM,1,100,100,89.29
CAD SILK ROAST ALMOND 51GM,4,400,400,357.16
CAD TEMP RAISINS CHO 70GM,1,125,125,111.61
CADBURY CELEBRATIONS RS.110/-,70,7334,7700,6310
CADBURY CELEBRATIONS RS.160/-,5,760,800,714.29
CADBURY CELEBRATIONS RS.50/-,95,4690,4750,3911.99
CADBURY CRISPELLO CHOC 35GM,18,720,720,604.26
CADBURY CRISPELLO RS.10/-,91,910,910,794.43
CADBURY PERK CHOC 5 RS,36,180,180,163.8
CENTER FRESH XTRA 20GM,9,88.8,90,78.75
CENTER FRUIT SOFT CHEWS RS.10,4,40,40,35.08
CENTER FRUIT TENNIS BALL 21GM,10,100,100,87.7
CHITLE BAKARWADI 250GM,14,1326,1400,1166.62
CHITLE MUMBAI BHEL RS 20,3,58.8,60,50.01
CHOKI CHOKI 5 RS,111,549.9,555,482.31
CHOKI CHOKI CHOKI STIX 48GM,5,213.75,225,187.5
CHOKI CHOKI RS.2/-,352,704,704,594.88
CHUPA CHUP BUB GUM RS.10/-,10,100,100,88.5
CHUPA CHUPA CHUPS RS.10/-,77,770,770,606.17
CHUPA CHUPA CHUPS RS.20/-,7,140,140,125.02
CHUPA CHUPACHUPS RS.5/-,9,45,45,39.42
CHUPA CHUPS SOUR BELT 10GM,23,115,115,100.97
CHUPACHUPS GUM LOLY RS.5/-,41,205,205,169.54
DABUR AMLA H OIL 138ML BTL,2,98.8,104,92.66
DABUR AMLA H OIL 65ML BTL,4,75.8,80,71.28
DABUR BABOOL PASTE 175GM CBD,11,709.92,748,652.85
DABUR BABOOL PASTE 350GM CBD,6,744.08,786,685.98
DABUR BABOOL PASTE 90GM CBD,16,455.4,480,418.88
DABUR CHYAWANPRASH 250GM,6,563.31,594,510.66
DABUR COOL KING POWDER 100GM,1,99.75,105,83.52
DABUR GULABARI ROSE  59ML BTL,11,312.9,330,282.81
DABUR GULABARI ROSE 120ML BTL,4,212.24,224,192
DABUR GULABARI ROSE 250ML BTL,4,363.84,384,329.16
DABUR GULABARI ROSE 30ML BTL,12,181.76,192,160.32
DABUR HONEY 1 KG,1,470,495,436.5
DABUR HONEY 100 GM,19,1259.3,1330,1116.06
DABUR HONEY 20 GM,24,545.04,576,502.8
DABUR HONEY 300GM,10,1185,1250,1090.9
DABUR HONEY 50 GM,19,810.45,855,717.44
DABUR HONEY 500 GM,2,472.5,500,436.36
DABUR JASMINE HAIR OIL 200 ML,1,104.5,110,100
DABUR JASMINE HAIR OIL 50 ML,6,141.75,150,113.64
DABUR JASMINE HAIR OIL 80 ML,2,95.5,100,85.88
DABUR LAL MANJAN 100GM,4,285,300,272.72
DABUR LAL MANJAN 300GM,1,180.5,190,169.27
DABUR LAL MANJAN 35GM,16,303.4,320,290.88
DABUR LAL MANJAN 50GM,10,378.8,400,363.6
DABUR MESWAK PASTE 100GM,19,1294.56,1368,1193.96
DABUR MESWAK PASTE 200+100GM,4,773.16,816,680
DABUR MESWAK PASTE 200GM,8,1099.1,1160,1012.4
DABUR MESWAK PASTE 42GM,32,606.6,640,517.12
DABUR RED TOOTH PASTE 100GM,8,569.25,600,529.12
DABUR RED TOOTH PASTE 200GM,6,803.7,846,746.04
DABUR RED TOOTH PASTE 300GM,3,607,642,562.3
DABUR RED TOOTH PASTE 40GM,41,776.6,820,745.38
DABUR VATIKA COCONUT OIL 90 M,2,107.35,113,95.4
DABUR VATIKA SHAMPOO 175ML,4,497.8,524,462.08
DABUR VATIKA SHAMPOO 90ML,4,216.03,228,201.04
FEM HAIR REMOVER GOLD 60GM,3,281.16,297,270
FEM PINKBLEACH 24GM,1,56.05,59,49.77
FEM SENSITIVE 40GM,2,123.5,130,118.18
GALAXY DARK CHOCOLATE RS 80,4,320,320,277.16
GO CHOCO ROLLZ RS 5,2,9.75,10,8.61
HAPPYDENT WHITE RS 5,11,55,55,48.84
HAPPYDENT WHITE RS.10/-,14,140,140,125.02
HAPPYDENT WHITE RS.50/-,11,535,550,484.55
KOPIKO CAPPUCCINO 190GM,7,330,350,304.36
KOPIKO CAPPUCCINO 402.5GM,5,471,500,434.8
LOTTE LACTO KING RS 100,1,95,100,84.35
LOTTE TOFFEE MIX RS 5 /-,74,364.6,370,321.9
MALKIST AMERICAN STYLE RS 30,9,261.9,270,225
MALKIST CHEESE BISCUIT RS.30/,70,1662.5,1750,1400
MALKIST CHEESE BISCUIT RS.50/,45,1923.75,2025,1687.5
MALKIST CHOCLAT BISCUIT 138GM,34,1453.5,1530,1275
MALKIST CHOCOLATE BIS RS.30/-,19,451.25,475,380
MENTOS CHEWY CHOCOLATE 270GM,3,285,300,261
MENTOS MINT 3.6,29,290,290,254.91
MENTOS ORANGE FLAVOUR RS.10/-,11,106.4,110,96.47
MENTOS RAINBOW RS.10/-,28,280,280,245.84
MIX CHOCHLATE RS 1,266,266,266,223.44
NABATI CHEESE WAFER 30GM,18,180,180,162.18
NABATI NEXTOR BIS RS 10,21,210,210,210
NABATI WHITE WAFER 30GM,13,130,130,119.11
ODOMOS CREAM 50 GM,4,245.05,260,222.16
ODOMOS FABRIC ROLL ON 8ML,3,241.4,255,173.85
ODOMOS MOSQ SKIN CR 25GM,12,386.24,408,348.6
ODONIL FRESHNER 10 GM,3,175.1,185,152.54
ODONIL FRESHNER MIX 24GM,37,908.5,925,841.01
ODONIL FRESHNER MIX 48GM,9,517.48,537,528
ODONIL MIX COMBIPACK 48GM*5,9,2087.4,2205,1844.19
ORBIT CHEW GUMS 5RS/,51,249.9,255,206.21
OURA AIR FRESHNER 220ML,1,110,169,73.48
OXY LIFE BLEACH 27 GM,2,188.1,198,172.18
OXY LIFE BLEACH 9 GM,5,261.25,275,239.15
PIGEON TOUNG CLEANER,12,360,420,360
SECRET TEMPTATION DEO 120ML,2,340,440,270.7
SKITTLES CANDIES RS 50,26,1282,1300,1115.92
SNICKERS 50/-,22,977.95,1000,879.77
SNICKERS ALMOND RS 25/-,16,467.8,475,417.05
SNICKERS CHOCLATE RS.10/-,22,220,220,199.98
SNICKERS CHOCLATE RS.20/-,11,202.92,204,182.14
SNICKERS CHOCLATE RS.35/-,45,1347.1,1360,1207.59
TANG LEMON 500GM,1,135,150,122.73
TANG LEMON 75GM,14,348.5,364,320.69
TANG MANGO 75GM,16,395.8,416,359.2
TANG ORANGE 500 GM,2,270,300,253.64
TANG ORANGE 75GM,3,75,78,67.38
WILD STO ULTRA SE BODY DE 40M,1,185,249,142.91
WILD STONE FOREST DEO 150ML,1,199,225,146.74
WILD STONE INTENSE SPRAY 120,5,562.5,1125,495.3
WILD STONE PERFUM SPRAY 150ML,1,225,275,184.97
WILD STONE RED DEO 150ML,1,199,225,146.74

EVEREST TURMERIC POWDER 500GM,32,1600,1650,1320
MDH DEGGI MIRCH POWDER 100GM,45,3600,3800,2950
CATCH GARAM MASALA 100GM,28,2520,2600,2050
TATA SAMPANN TOOR DAL 1KG,50,7500,8000,6200
FORTUNE MOONG DAL 1KG,35,4900,5200,4100
FORTUNE SUNFLOWER OIL 1L POUCH,60,8400,9000,7200
SAFFOLA GOLD OIL 1L BTL,40,7200,7600,6000
AMUL PURE GHEE 1L TIN,25,16250,17000,14500
AMUL TAAZA MILK 1L POUCH,120,7920,8160,7200
AMUL BUTTER 500GM,85,22100,22950,20400
COCA COLA 750ML BTL,95,3800,3800,3040
SPRITE LIME 750ML BTL,80,3200,3200,2560
THUMS UP 750ML BTL,110,4400,4400,3520
TATA TEA GOLD 500GM,42,12600,13200,10500
NESCAFE CLASSIC COFFEE 100GM JAR,30,8700,9000,7200
